{
	"globals": {
		"ARTICLES_TYPES": true,
		"ARTICLES_TYPES_HASH": true,
		"AUTHENTICATION_STATUS": true,
		"ArticleContext": true,
		"ArticleProvider": true,
		"AuthContext": true,
		"AuthProvider": true,
		"BRAND_NAME": true,
		"CommentContext": true,
		"CommentProvider": true,
		"Context": true,
		"EMAIL_REGEX": true,
		"HTTPError": true,
		"QUERY_KEYS": true,
		"Resources": true,
		"STORAGE_KEYS": true,
		"UserContext": true,
		"UserProvider": true,
		"afterAll": true,
		"afterEach": true,
		"assert": true,
		"beforeAll": true,
		"beforeEach": true,
		"buildMakeMatch": true,
		"chai": true,
		"createRef": true,
		"describe": true,
		"expect": true,
		"forwardRef": true,
		"it": true,
		"joinClasses": true,
		"lazy": true,
		"memo": true,
		"render": true,
		"startTransition": true,
		"suite": true,
		"test": true,
		"useCallback": true,
		"useContext": true,
		"useDebugValue": true,
		"useDeferredValue": true,
		"useEffect": true,
		"useId": true,
		"useImperativeHandle": true,
		"useInsertionEffect": true,
		"useLayoutEffect": true,
		"useMemo": true,
		"useReducer": true,
		"useRef": true,
		"useState": true,
		"useSyncExternalStore": true,
		"useTransition": true,
		"vi": true,
		"vitest": true
	}
}
